{
	"A-1": [
		{
			"chartLabel": "Sum mode (parameter 1)",
			"horizontalHeader": [
				"Param Val",
				"Output A",
				"Output B",
				"Notes"
			],
			"chartValues": [
				0,
				"Sum of inputs X & Y, plus the offset.",
				"Difference between inputs X & Y, minus the offset.",
				"With nothing plugged into input X, B is therefore simply an inverted copy of Y.",
				1,
				"X plus the offset.",
				"Y minus the offset.",
				"This is particularly useful for shifting between bipolar (e.g. ±5V) and unipolar (e.g. 0-10V) CVs and back again.",
				2,
				"X plus the offset.",
				"Y plus the offset.",
				" "
			],
			"columnAlignment": ["center", "left", "left", "left"]
		}
	],
	"A-6": [
		{
			"chartLabel": "Scales (Z)",
			"horizontalHeader": [
				"Number",
				"Scale",
				"Displayed name"
			],
			"chartValues": [
				0,
				"chromatic",
				"Chromatic",
				"±1",
				"major scale",
				"Major",
				"±2",
				"minor scale",
				"Minor",
				"±3",
				"major triad",
				"Triad",
				"±4",
				"minor triad",
				"3b+5",
				"±5",
				"root+5th",
				"Fifth",
				"±6",
				"major triad+6th",
				"Triad+6",
				"±7",
				"minor triad+6th",
				"3b+5+6",
				"±8",
				"major triad+7th",
				"Triad+7",
				"±9",
				"minor triad+7th",
				"3b+5+7",
				"±10",
				"root+5th+6th",
				"5+6 ",
				"±11",
				"root+5th+7th",
				"5+7 ",
				"±12",
				"pentatonic major",
				"Pent",
				"±13",
				"pentatonic minor",
				"Minor Pent",
				"±14",
				"natural minor scale",
				"Nat Minor",
				"±15",
				"harmonic minor scale",
				"Harm Minor"
			],
			"columnAlignment": ["center", "center", "center"]
		}
	],
	"B-1": [
		{
			"chartLabel": "Noise colour (parameter 2)",
			"horizontalHeader": [
				"Param Val",
				"Noise colour"
			],
			"chartValues": [
				0,
				"Violet",
				1,
				"White",
				2,
				"Pink",
				3,
				"Red"
			],
			"columnAlignment": ["center", "center"]
		}
	],
	"B-4": [
		{
			"chartLabel": "Delay time multiplier (parameter 0)",
			"horizontalHeader": [
				"Param Val",
				"Multiplier"
			],
			"chartValues": [
				"-15",
				"1/64",
				"-14",
				"1/48",
				"-13",
				"1/32",
				"-12",
				"1/24",
				"-11",
				"1/16",
				"-10",
				"1/12",
				"-9",
				"1/8",
				"-8",
				"1/6",
				"-7",
				"3/16",
				"-6",
				"1/4",
				"-5",
				"5/16",
				"-4",
				"1/3",
				"-3",
				"3/8",
				"-2",
				"1/2",
				"-1",
				"3/4",
				0,
				"x1",
				1,
				"x1.5",
				2,
				"x2",
				3,
				"x3",
				4,
				"x4",
				5,
				"x5",
				6,
				"x6",
				7,
				"x8",
				8,
				"x16"
			],
			"columnAlignment": ["center", "center"]
		},
		{
			"chartLabel": "Output mode (Parameter 1)",
			"horizontalHeader": [
				"Param Val",
				"Output mode"
			],
			"chartValues": [
				0,
				"A is mix; B is delay only.",
				1,
				"A & B are mix.",
				2,
				"A & B are delay only."
			],
			"columnAlignment": ["center", "left", "left", "left", "left", "left"]
		}
	],
	"B-5": [
		{
			"chartLabel": "Waveshape (Y)",
			"horizontalHeader": [
				"Input Y",
				"-5V",
				"0V",
				"+5V"
			],
			"verticalHeader": [
				"Output A",
				"Output B"
			],
			"chartValues": [
				"saw",
				"sine",
				"triangle",
				"0% duty cycle pulse",
				"50% duty cycle pulse (square)",
				"100% duty cycle pulse"
			],
			"columnAlignment": ["center", "center", "center"]
		}
	],
	"B-6": [
		{
			"chartLabel": "Waveshape (Y):",
			"horizontalHeader": [
				"Input Y",
				"-5V",
				"0V",
				"+5V"
			],
			"verticalHeader": [
				"Output A",
				"Output B"
			],
			"chartValues": [
				"saw",
				"sine",
				"triangle",
				"0% duty cycle pulse",
				"50% duty cycle pulse (square)",
				"100% duty cycle pulse"
			],
			"columnAlignment": ["center", "center", "center"]
		}
	],
	"B-7": [
		{
			"chartLabel": "Waveform A, B (parameters 3, 4)",
			"horizontalHeader": [
				"Param Val",
				"Waveform"
			],
			"chartValues": [
				0,
				"Triangle.",
				1,
				"Sine.",
				2,
				"Square.",
				3,
				"Saw.",
				4,
				"Sub-octave square.",
				5,
				"MIDI gate."
			],
			"columnAlignment": ["center", "center"]
		}
	],
	"B-8": [
		{
			"chartLabel": "Waveform (parameter 4)",
			"horizontalHeader": [
				"Param Val",
				"WaveformA",
				"WaveformB"
			],
			"chartValues": [
				0,
				"Tri/<wbr>saw",
				"Square/<wbr>pulse",
				1,
				"Tri/<wbr>saw",
				"Sub-octave square",
				2,
				"Square/<wbr>pulse",
				"Sub-octave square",
				3,
				"Tri/<wbr>saw",
				"MIDI gate",
				4,
				"Square/<wbr>pulse",
				"MIDI gate"

			],
			"columnAlignment": ["center", "center", "center"]
		},
		{
			"chartLabel": "Waveshape (Y)",
			"horizontalHeader": [
			"Input Y",
			"-5V",
			"0V",
			"+5V"
			],
			"verticalHeader": [
			"Tri/<wbr>saw",
			"Square/<wbr>pulse"
			],
			"chartValues": [
			"saw (falling)",
			"triangle",
			"saw (rising)",
			"0% duty cycle pulse",
			"50% duty cycle pulse (square)",
			"100% duty cycle pulse"
			],
			"columnAlignment": ["center", "center", "center"]
		}
	],
	"C-1": [
		{
			"chartLabel": "Sum mode (parameter 1)",
			"horizontalHeader": [
				"Param Val",
				"Output A",
				"Output B",
				"Notes"
			],
			"chartValues": [
				0,
				"Sum of inputs X & Y, plus the offset.",
				"Difference between inputs X & Y, minus the offset.",
				"With nothing plugged into input X, B is therefore simply an inverted copy of Y.",
				1,
				"X plus the offset.",
				"Y minus the offset.",
				"This is particularly useful for shifting between bipolar (e.g. ±5V) and unipolar (e.g. 0-10V) CVs and back again.",
				2,
				"X plus the offset.",
				"Y plus the offset.",
				" "
			],
			"columnAlignment": ["center", "left", "left", "left"]
		}
	],
	"C-6": [
		{
			"chartLabel": "Filter bank (parameter 0)",
			"horizontalHeader": [
				"Bank",
				"Description"
			],
			"chartValues": [
				0,
				"Half octave spacing, based on 100Hz.",
				1,
				"Third octave spacing, based on 250Hz."
			],
			"columnAlignment": ["center", "left"]
		}
	],
	"C-8": [
		{
			"chartLabel": "Bit reduction type (parameter 1)",
			"horizontalHeader": [
				"Param Val",
				"Positive signal",
				"Positive signal"
			],
			"chartValues": [
				0,
				"Type I",
				"Type I",
				1,
				"Type II",
				"Type II",
				2,
				"Type I",
				"Type II",
				3,
				"Type II",
				"Type I",
				4,
				"Type I",
				"None",
				5,
				"Type II",
				"None",
				6,
				"None",
				"Type I",
				7,
				"None",
				"Type II"
			],
			"columnAlignment": ["center", "center", "center"]
		},
		{
			"chartLabel": "Bit mangling mode (parameter 2)",
			"horizontalHeader": [
				"Param Val",
				"Bit mangling"
			],
			"chartValues": [
				0,
				"None",
				1,
				"Bit swap variant 1",
				2,
				"Bit swap variant 2",
				3,
				"Bit swap variant 3",
				4,
				"Bit rotation",
				5,
				"Previous sample XOR variant 1",
				6,
				"Previous sample XOR variant 2",
				7,
				"Previous sample XOR variant 3"
			],
			"columnAlignment": ["center", "left"]
		}

	],
	"D-2": [
		{
			"chartLabel": "Output mode (parameter 3)",
			"horizontalHeader": [
				"Param Val",
				"Output mode"
			],
			"chartValues": [
				0,
				"A is mix; B is delay only.",
				1,
				"A & B are mix.",
				2,
				"A & B are delay only."
			],
			"columnAlignment": ["center", "left"]
		}
	],
	"E-1": [
		{
			"chartLabel": "Trigger Mode (parameter 0)",
			"horizontalHeader": [
				"Param Val",
				"Trigger Mode"
			],
			"chartValues": [
				0,
				"Envelope will rise to full level and stay there as long as the input is high (AR mode).",
				1,
				"Envelope will execute one full attack/decay cycle in response to a trigger input (AD mode).",
				2,
				"Envelope will continually execute attack/decay cycles as long as the trigger is high (looped AD mode)."
			],
			"columnAlignment": ["center", "left"]
		},
		{
			"chartLabel": "Output A end-of-cycle mode (parameter 2)",
			"horizontalHeader": [
				"Param Val",
				"Description"
			],
			"chartValues": [
				"41",
				"If parameter 2 is set to the special value 41, output A becomes an end-of-cycle trigger output, generating a 10ms 5V pulse at the end of the envelope's release stage."
			],
			"columnAlignment": ["center", "left", "left", "left"]
		}
	],
	"E-2": [
		{
			"chartLabel": "Trigger Mode (parameter 0)",
			"horizontalHeader": [
				"Param Val",
				"Trigger Mode"
			],
			"chartValues": [
				0,
				"Envelope will rise to full level and stay there as long as the input is high (AR mode).",
				1,
				"Envelope will execute one full attack/decay cycle in response to a trigger input (AD mode).",
				2,
				"Envelope will continually execute attack/decay cycles as long as the trigger is high (looped AD mode).",
				"3-5",
				"Tracked envelope for input X.",
				"6-8",
				"Tracked envelope for input Y."
			],
			"columnAlignment": ["center", "left"]
		},
		{
			"chartLabel": "Output A end-of-cycle mode (parameter 2)",
			"horizontalHeader": [
				"Param Val",
				"Description"
			],
			"chartValues": [
				"41",
				"If parameter 2 is set to the special value 41, output A becomes an end-of-cycle trigger output, generating a 10ms 5V pulse at the end of the envelope's release stage."
			],
			"columnAlignment": ["center", "left", "left", "left"]
		}
	],
	"E-3": [
		{
			"chartLabel": "Trigger Mode (parameter 0)",
			"horizontalHeader": [
				"Param Val",
				"Trigger Mode"
			],
			"chartValues": [
				0,
				"Envelope will rise to full level and stay there as long as the input is high (AR mode).",
				1,
				"Envelope will execute one full attack/decay cycle in response to a trigger input (AD mode).",
				2,
				"Envelope will continually execute attack/decay cycles as long as the trigger is high (looped AD mode)."
			],
			"columnAlignment": ["center", "left"]
		},
		{
			"chartLabel": "Output A end-of-cycle mode (parameter 2)",
			"horizontalHeader": [
				"Param Val",
				"Description"
			],
			"chartValues": [
				"41",
				"If parameter 2 is set to the special value 41, output A becomes an end-of-cycle trigger output, generating a 10ms 5V pulse at the end of the envelope's release stage."
			],
			"columnAlignment": ["center", "left", "left", "left"]
		}
	],
	"F-1": [
		{
			"chartLabel": "Output A end-of-cycle mode (parameter 1)",
			"horizontalHeader": [
				"Param Val",
				"Description"
			],
			"chartValues": [
				"41",
				"If parameter 1 is set to the special value 41, output A becomes an end-of-cycle trigger output, generating a 10ms 5V pulse at the end of the envelope's release stage."
			],
			"columnAlignment": ["center", "left", "left", "left"]
		}
	],
	"F-2": [
		{
			"chartLabel": "Output A end-of-cycle mode (parameter 1)",
			"horizontalHeader": [
				"Param Val",
				"Description"
			],
			"chartValues": [
				"41",
				"If parameter 1 is set to the special value 41, output A becomes an end-of-cycle trigger output, generating a 10ms 5V pulse at the end of the envelope's release stage."
			],
			"columnAlignment": ["center", "left", "left", "left"]
		}
	],
	"F-3": [
		{
			"chartLabel": "Output A end-of-cycle mode (parameter 1)",
			"horizontalHeader": [
				"Param Val",
				"Description"
			],
			"chartValues": [
				"41",
				"If parameter 1 is set to the special value 41, output A becomes an end-of-cycle trigger output, generating a 10ms 5V pulse at the end of the envelope's release stage."
			],
			"columnAlignment": ["center", "left", "left", "left"]
		}
	],
	"F-4": [
		{
			"chartLabel": "Output A end-of-cycle mode (parameter 1)",
			"horizontalHeader": [
				"Param Val",
				"Description"
			],
			"chartValues": [
				"41",
				"If parameter 1 is set to the special value 41, output A becomes an end-of-cycle trigger output, generating a 10ms 5V pulse at the end of the envelope's release stage."
			],
			"columnAlignment": ["center", "left", "left", "left"]
		}
	],
	"G-6": [
		{
			"chartLabel": "Mode of operation (parameter 0)",
			"horizontalHeader": [
				"Param Val",
				"A/B driven by",
				"MIDI driven by",
				"Typical Application"
			],
			"chartValues": [
				"0",
				"MIDI",
				"X",
				"Legacy disting behaviour.",
				"1",
				"X",
				"X",
				"Another module is the clock leader; disting converts to MIDI clock and generates clock divisions.",
				"2",
				"Internal",
				"X",
				"",
				"3",
				"MIDI",
				"Internal",
				"Disting converts MIDI clock to analogue clock.",
				"4",
				"X",
				"Internal",
				"",
				"5",
				"Internal",
				"Internal",
				"Disting is the clock leader, generating analogue clock and MIDI clock."
			],
			"columnAlignment": ["center", "left", "left", "left"]
		},
		{
			"chartLabel": "Z mode (parameter 6)",
			"horizontalHeader": [
				"Parm Val",
				"Mode",
				"Description"
			],
			"chartValues": [
				"0",
				"Start/Stop",
				"Push Z to start the internal clock; push it again to stop the clock. Parameter 5 sets the tempo, as 120 plus the parameter value (i.e. the range is 0-240 bpm).",
				"1",
				"Tap Tempo",
				"Push Z five times to start the clock (i.e. a one bar count-in in 4 time). Hold Z for 2 seconds to stop the clock. While the clock is running, you may continue to tap Z to correct or change the tempo."
			],
			"columnAlignment": ["center", "left", "left", "left"]
		},
		{
			"chartLabel": "Incoming clock divisor for outputs A, B (parameters 1, 2)",
			"horizontalHeader": [
				"Param Val",
				"Output A/B"
			],
			"chartValues": [
				"-2",
				"Run/<wbr>stop",
				"-1",
				"Reset pulse",
				0,
				"1/96",
				1,
				"1/48",
				2,
				"1/32",
				3,
				"1/24",
				4,
				"1/16",
				5,
				"1/12",
				6,
				"1/8",
				7,
				"1/6",
				8,
				"1/4",
				9,
				"1/3",
				10,
				"1/2",
				11,
				"1/1",
				12,
				"2/1",
				13,
				"3/1",
				14,
				"4/1"
			],
			"columnAlignment": ["center", "center"]
		},
		{
			"chartLabel": "Outgoing clock divisor (parameter 3)",
			"horizontalHeader": [
				"Param Val",
				"Input X"
			],
			"chartValues": [
				0,
				"1/96",
				1,
				"1/48",
				2,
				"1/32",
				3,
				"1/24",
				4,
				"1/16",
				5,
				"1/12",
				6,
				"1/8",
				7,
				"1/6",
				8,
				"1/4",
				9,
				"1/3",
				10,
				"1/2",
				11,
				"1/1"
			],
			"columnAlignment": ["center", "center"]
		},
		{
			"chartLabel": "Y mode (parameter 4)",
			"horizontalHeader": [
				"Value",
				"Y mode",
				"Description"
			],
			"chartValues": [
				"0",
				"Not used.",
				"The X clock is taken to start as soon as pulses appear on the X input, and is assumed to have stopped if no pulses appear for two seconds.",
				"1",
				"Run/stop for X.",
				"The X clock is ignored until Y goes high (over 1V) and stops when Y goes low.",
				"2",
				"Run/stop for internal.",
				"The internal clock starts when Y goes high and stops when Y goes low.",
				"3",
				"Run/stop for both.",
				"Both the X clock and the internal clock are controlled by Y as above."
			],
			"columnAlignment": ["center", "left", "left", "left"]
		}
	],
	"H-1": [
		{
			"chartLabel": "Pan/<wbr>crossfade law (parameter 0)",
			"horizontalHeader": [
				"Param Val",
				"Law",
				"Notes"
			],
			"chartValues": [
				0,
				"Equal gain",
				"Appropriate for crossfading phase-coherent material.",
				1,
				"Equal power",
				"Appropriate for crossfading non-phase-coherent material.",
				2,
				"Transition",
				"DJ-style crossfade where both sources are at full gain at the 50% position.",
				3,
				"FX Loop",
				"Output A is unattenuated input X plus a faded amount of input Y."
			],
			"columnAlignment": ["center", "left", "left"]
		},
		{
			"chartLabel": "Clipping/<wbr>saturation mode (parameter 1)",
			"horizontalHeader": [
				"Param Val",
				"Mode",
				"Notes"
			],
			"chartValues": [
				0,
				"Legacy",
				"The behaviour pre-firmware 4.8, which could cause digital overflows and fairly drastic wavefolding-type sounds.",
				1,
				"Hard clip",
				"A hard digital clip is applied.",
				2,
				"Soft clip",
				"A soft clip/<wbr>saturation is applied."
			],
			"columnAlignment": ["center", "left", "left"]
		},
		{
			"chartLabel": "Output B options (parameter 2)",
			"horizontalHeader": [
				"Param Val",
				"Option",
				"Notes"
			],
			"chartValues": [
				"-1",
				"Copy",
				"Output B follows input X.",
				0,
				"Normal",
				"Normal crossfade/<wbr>pan function.",
				"1-99",
				"LFO",
				"Output B is a ±5V triangle wave LFO, the speed of which is set from the parameter."
			],
			"columnAlignment": ["center", "left", "left"]
		}
	],
	"H-2": [
		{
			"chartLabel": "Mode (parameter 0)",
			"horizontalHeader": [
				"Param Val",
				"Mode"
			],
			"chartValues": [
				0,
				"Sample and Hold",
				1,
				"Track and Hold"
			],
			"columnAlignment": ["center", "center"]
		}
	],
	"H-3": [
		{
			"chartLabel": "Scales (Z)",
			"horizontalHeader": [
				"Number",
				"Scale",
				"Displayed name"
			],
			"chartValues": [
				0,
				"chromatic",
				"Chromatic",
				"±1",
				"major scale",
				"Major",
				"±2",
				"minor scale",
				"Minor",
				"±3",
				"major triad",
				"Triad",
				"±4",
				"minor triad",
				"3b+5",
				"±5",
				"root+5th",
				"Fifth",
				"±6",
				"major triad+6th",
				"Triad+6",
				"±7",
				"minor triad+6th",
				"3b+5+6",
				"±8",
				"major triad+7th",
				"Triad+7",
				"±9",
				"minor triad+7th",
				"3b+5+7",
				"±10",
				"root+5th+6th",
				"5+6",
				"±11",
				"root+5th+7th",
				"5+7",
				"±12",
				"pentatonic major",
				"Pent",
				"±13",
				"pentatonic minor",
				"Minor Pent",
				"±14",
				"natural minor scale",
				"Nat Minor",
				"±15",
				"harmonic minor scale",
				"Harm Minor"
			],
			"columnAlignment": ["center", "center", "center"]
		}
	],
	"H-4": [
		{
			"chartLabel": "Scales (parameters 2, 3)",
			"horizontalHeader": [
				"Param Val",
				"Scale"
			],
			"chartValues": [
				"0, ±1",
				"chromatic",
				"±2",
				"major scale",
				"±3",
				"minor scale",
				"±4",
				"major triad",
				"±5",
				"minor triad",
				"±6",
				"root +5th",
				"±7",
				"major triad +6th",
				"±8",
				"minor triad +6th",
				"±9",
				"major triad +7th",
				"±10",
				"minor triad +7th",
				"±11",
				"root +5th +6th",
				"±12",
				"root +5th +7th",
				"±13",
				"pentatonic major",
				"±14",
				"pentatonic minor",
				"±15",
				"natural minor",
				"±16",
				"harmonic minor",
				"±17",
				"MIDI 1",
				"±18",
				"MIDI 2"
			],
			"columnAlignment": ["center", "center", "center"]
		}
	],
	"H-6": [
		{
			"chartLabel": "Z function (parameter 0)",
			"horizontalHeader": [
				"Param Val",
				"Z function"
			],
			"chartValues": [
				0,
				"Z controls delay",
				1,
				"Z controls length",
				2,
				"Output override (high). Z over 1V forces both outputs high.",
				3,
				"Output override (low). Z over 1V forces both outputs low.",
				4,
				"Input enable. Z below 1V disables input triggers.",
				5,
				"Input disable. Z above 1V disables input triggers.",
				6,
				"Z is an additional trigger input which triggers both outputs."
			],
			"columnAlignment": ["center", "left"]
		}
	],
	"H-7": [
		{
			"chartLabel": "Noise color A, B (parameters 0, 1)",
			"horizontalHeader": [
				"Param Val",
				"Noise colour"
			],
			"chartValues": [
				"-1",
				"Blended",
				0,
				"Violet",
				1,
				"White",
				2,
				"Pink",
				3,
				"Red"
			],
			"columnAlignment": ["center", "center"]
		}
	],
	"H-8": [
		{
			"chartLabel": "Scales (parameter 1)",
			"horizontalHeader": [
				"Value",
				"Name",
				"Notes",
				"Example (on C)"
			],
			"chartValues": [
				0,
				"Major",
				"1, 3, 5, 6, 8, 10, 12",
				"C DE FG A B",
				1,
				"Natural Minor",
				"1, 3, 4, 6, 8, 9, 11",
				"C D E♭ F G A♭ B♭",
				2,
				"Harmonic Minor",
				"1, 3, 4, 6, 8, 9, 12",
				"C D E♭ F G A♭ B"
			],
			"columnAlignment": ["center", "left", "left", "left"]
		},
		{
			"chartLabel": "Key (parameter 2)",
			"horizontalHeader": [
				"Param Val",
				"Key"
			],
			"chartValues": [
				"-5",
				"D♭",
				"-4",
				"A♭",
				"-3",
				"E♭",
				"-2",
				"B♭",
				"-1",
				"F",
				0,
				"C",
				1,
				"G",
				2,
				"D",
				3,
				"A",
				4,
				"E",
				5,
				"B",
				6,
				"F♯"
			],
			"columnAlignment": ["center", "center"]
		}

	],
	"I-8": [
		{
			"chartLabel": "Samples affected by Z (parameter 4)",
			"horizontalHeader": [
				"Param Val",
				"Description"
			],
			"chartValues": [
				0,
				"Both samples' speeds controlled by Z.",
				1,
				"Sample A speed fixed; B variable.",
				2,
				"Sample B speed fixed; A variable.",
				3,
				"Both samples' speeds are fixed."
			],
			"columnAlignment": ["center", "left"]
		}
	],
	"J-8": [
		{
			"chartLabel": "Gate mode (parameter 3)",
			"horizontalHeader": [
				"Param Val",
				"Gate mode"
			],
			"chartValues": [
				0,
				"X is a gate CV, starting and stopping sample playback.",
				1,
				"The sample plays continuously.",
				2,
				"The sample plays continuously. X is a clock CV. The loop length is adjusted to be related to the time between clocks by a power of two e.g. 2, 4, 8 but also 1⁄2, 1⁄4, etc. if the clocks are slower than the longest possible loop."
			],
			"columnAlignment": ["center", "left"]
		}
	],
	"K-1": [
		{
			"chartLabel": "Output B option/<wbr>detune (parameter 3)",
			"horizontalHeader": [
				"Param Val",
				"Output B"
			],
			"chartValues": [
				"-4",
				"MIDI gate",
				"-3",
				"A ±8V square wave one octave below output A",
				"-2",
				"Wavetable VCO one octave below output A",
				"-1",
				"Wavetable VCO one octave above output A",
				"0-99",
				"Wavetable VCO detuned relative to output A; output A is also detuned in the opposite direction"
			],
			"columnAlignment": ["center", "left"]
		}
	],
	"K-6": [
		{
			"chartLabel": "Output mode A & B (parameter 2)",
			"horizontalHeader": [
				"Param Val",
				"Output mode"
			],
			"chartValues": [
				0,
				"A is mix; B is delay only.",
				1,
				"A & B are mix.",
				2,
				"A & B are delay only."
			],
			"columnAlignment": ["center", "left"]
		}
	],
	"L-4": [
		{
			"chartLabel": "Vowel A, B (parameters 0, 1)",
			"horizontalHeader": [
				"Param Val",
				"Vowel",
				"Example word"
			],
			"chartValues": [
				"-1",
				"Chosen from the range below by the Z knob/<wbr>CV.",
				"Chosen from the range below by the Z knob/<wbr>CV.",
				0,
				"/ow/",
				"bought",
				1,
				"/oo/",
				"boot",
				2,
				"/a/",
				"hot11",
				3,
				"/uh/",
				"but",
				4,
				"/er/",
				"bird",
				5,
				"/ae/",
				"bat",
				6,
				"/e/",
				"bet",
				7,
				"/i/",
				"bit",
				8,
				"/iy/",
				"beet"
			],
			"columnAlignment": ["center", "center", "center"]
		}
	],
	"M-1": [
		{
			"chartLabel": "Output waveform type A, B (parameters 0, 1)",
			"horizontalHeader": [
				"Param Val",
				"Waveform"
			],
			"chartValues": [
				0,
				"the ramp itself",
				1,
				"triangle affected by ramp",
				2,
				"sine affected by ramp",
				3,
				"square affected by ramp",
				4,
				"triangle",
				5,
				"sine",
				6,
				"square"
			],
			"columnAlignment": ["center", "left"]
		}
	],
	"M-2": [
		{
			"chartLabel": "Output waveform type A, B (parameters 0, 1)",
			"horizontalHeader": [
				"Param Val",
				"Waveform"
			],
			"chartValues": [
				0,
				"triangle",
				1,
				"sine",
				2,
				"square",
				3,
				"rising ramp",
				4,
				"falling ramp"
			],
			"columnAlignment": ["center", "center"]
		}
	],
	"M-3": [
		{
			"chartLabel": "Output B Logical operation (parameter 0)",
			"horizontalHeader": [
				"Param Val",
				"Operation"
			],
			"chartValues": [
				"-2",
				"Output B follows output A",
				"-1",
				"Output B is inverse of output A",
				0,
				"AND",
				1,
				"OR",
				2,
				"XOR",
				3,
				"NAND",
				4,
				"NOR",
				5,
				"XNOR"
			],
			"columnAlignment": ["center", "center"]
		}
	],
	"M-6": [
		{
			"chartLabel": "Output mode (Parameter 3)",
			"horizontalHeader": [
				"Parameter value",
				"Output mode"
			],
			"chartValues": [
				0,
				"A & B are mix.",
				1,
				"A & B are delay only."
			],
			"columnAlignment": ["center", "center"]
		}
	],
	"M-8": [
		{
			"chartLabel": "A & B outputs (parameter 1)",
			"horizontalHeader": [
				"Param Val",
				"Output A",
				"Output B"
			],
			"chartValues": [
				"0",
				"x",
				"z",
				"1",
				"y",
				"z",
				"2",
				"x",
				"y",
				"3",
				"x-based gate",
				"z",
				"4",
				"y-based gate",
				"z",
				"5",
				"x-based gate",
				"y",
				"6",
				"x",
				"z-based gate",
				"7",
				"y",
				"z-based gate",
				"8",
				"x",
				"y-based gate",
				"9",
				"x-based gate",
				"z-based gate",
				"10",
				"y-based gate",
				"z-based gate",
				"11",
				"x-based gate",
				"y-based gate"
			],
			"columnAlignment": ["center", "left", "left", "left"]
		}
	]
}
