[
	{
		"algorithm": "A-1",
		"name": "Precision Adder",
		"category": "CV Processing",
		"video": "mCFaTt6vNpk",
		"io": [
			"A = X + Y + offset, or X + offset",
			"B = X – Y – offset, or Y ± offset",
			"offset = ±10V in 1V steps derived from Z"
		],
		"extra": "Knob recorder enabled (use S knob to access parameters)",
		"parameters": [
			[0, 1, 0, "Z Mode."],
			[0, 2, 0, "Sum Mode."]
		]
	},
	{
		"algorithm": "A-2",
		"name": "Four Quadrant Multiplier",
		"category": "Modulation Effects",
		"video": "nRBbdbQZi5Q",
		"io": [
			"A = X * Y * scale",
			"B = -X * Y * scale",
			"scale = 1/10 to 10x in steps derived from Z"
		],
		"extra": "Knob recorder enabled (use S knob to access parameters)",
		"parameters": [
			[0, 1, 0, "Z Mode (when 1, the scale is not restricted to integer steps, and changes smoothly with Z)."],
			[-10, 10, 0, "Y Offset"]
		]
	},
	{
		"algorithm": "A-3",
		"name": "Full-wave Rectifier",
		"category": "Waveshaping",
		"video": "DA1rK1S6wuo",
		"io": [
			"A = abs( X + Y ) or abs( X )",
			"B = abs( X - Y ) or abs( Y )",
			"Z selects mode"
		],
		"extra": false,
		"parameters": []
	},
	{
		"algorithm": "A-4",
		"name": "Minimum/maximum",
		"category": "Waveshaping",
		"video": "GpkaOchvVSE",
		"io": [
			"A = min( X, Y )",
			"B = max( X, Y )",
			"Z is gate"
		],
		"extra": false,
		"parameters": []
	},
	{
		"algorithm": "A-5",
		"name": "Linear/Exponential Converter",
		"category": "CV Processing",
		"video": "jpnlxEnd1Lw",
		"io": [
			"A = ( 2 ^ X ) * scale",
			"B = log2( Y / scale )",
			"Z is Hz/V scale, centred on 1kHz"
		],
		"extra": false,
		"parameters": [
			[0, 1, 0, "Type A."],
			[0, 1, 0, "Type B."]
		]
	},
	{
		"algorithm": "A-6",
		"name": "Quantizer",
		"category": "Quantizers",
		"video": "5THsGKn3Pwk",
		"io": [
			"A = quantized( X )",
			"B = trigger on note change",
			"Z chooses scale & function of Y",
			"Y = transpose (Z positive) or trigger (Z negative)"
		],
		"extra": "Outputs & Receives MIDI",
		"parameters": [
			[-1, 31, 31, "Input X attenuation."],
			[0, 1, 0, "Transpose mode."],
			[-31, 31, 0, "Key."],
			[0, 31, 0, "Offset."],
			[0, 1, 0, "MIDI Gate."]
		]
	},
	{
		"algorithm": "A-7",
		"name": "Comparator",
		"category": "CV Processing",
		"video": "Ttp7RCtofg0",
		"io": [
			"A = gate from X > Y",
			"B = inverted gate",
			"Z is hysteresis"
		],
		"extra": false,
		"parameters": []
	},
	{
		"algorithm": "A-8",
		"name": "Dual Waveshaper",
		"category": "Waveshaping",
		"video": "-B1VzxQ2qOo",
		"io": [
			"A = folded X",
			"B = triangle-to-sine Y",
			"Z is gain"
		],
		"extra": "Knob recorder enabled (use S knob to access parameters)",
		"parameters": []
	},
	{
		"algorithm": "B-1",
		"name": "Sample and Hold",
		"category": "Randomness & Patterns",
		"video": "x8yDMQqE-yA",
		"io": [
			"A = X when Y exceeds 1V ",
			"B = noise ±8V",
			"Z is slew rate"
		],
		"extra": false,
		"parameters": [
			[0, 1, 0, "Mode."],
			[0, 31, 0, "Offset."],
			[0, 3, 1, "Noise colour."],
			[0, 64, 0, "Noise X."],
			[0, 32, 32, "Atten B."],
			[-1, 31, -1, "Up slew."],
			[-1, 31, -1, "Down slew."]
		]
	},
	{
		"algorithm": "B-2",
		"name": "Slew Rate Limiter",
		"category": "CV Processing",
		"video": "irKcEJCB0FQ",
		"io": [
			"A = linear slew rate limited ( X + Y )",
			"B = log slew rate limited ( X + Y )",
			"Z is slew rate"
		],
		"extra": false,
		"parameters": [
			[-1, 32, -1, "Up slew."],
			[-1, 32, -1, "Down slew."]
		]
	},
	{
		"algorithm": "B-3",
		"name": "Pitch and Envelope Tracker",
		"category": "CV Processing",
		"video": "YAlBBzNbbdg",
		"io": [
			"A = V/octave pitch derived from X, plus Y",
			"B = envelope dervied from X",
			"Z is slew rate for envelope"
		],
		"extra": false,
		"parameters": []
	},
	{
		"algorithm": "B-4",
		"name": "Clockable Delay/Echo",
		"category": "Delay",
		"video": "Gj69fn-liYs",
		"io": [
			"X is signal",
			"Y is clock input",
			"Z is feedback",
			"A = output according to mode",
			"B = output according to mode"
		],
		"extra": "Tap tempo enabled",
		"parameters": [
			[-15, 8, 0, "Delay time multiplier."],
			[0, 2, 0, "Output mode."]
		]
	},
	{
		"algorithm": "B-5",
		"name": "LFO",
		"category": "LFO",
		"video": "iBtg8CJtC1E",
		"io": [
			"X is Hz/V frequency",
			"Y is waveshape",
			"Z is tune",
			"A is saw -> sine -> triangle",
			"B is pulse -> square -> pulse"
		],
		"extra": false,
		"parameters": [
			[0, 40, 32, "Sets an attenuation for output A."],
			[0, 40, 32, "Sets an attenuation for output B."],
			[-40, 40, 0, "Sets an offset for output A."],
			[-40, 40, 0, "Sets an offset for output B."],
			[-32, 32, 0, "Y offset."]
		]
	},
	{
		"algorithm": "B-6",
		"name": "Clockable LFO",
		"category": "LFO",
		"video": "_ZqZtVd8eLI",
		"io": [
			"X is clock input",
			"Y is waveshape",
			"Z is integer multiplier/divider",
			"A is saw -> sine -> triangle",
			"B is pulse -> square -> pulse"
		],
		"extra": "Tap tempo enabled",
		"parameters": [
			[-32, 32, 32, "Output A attenuverter."],
			[-32, 32, 32, "Output B attenuverter."],
			[-32, 32, 0, "Y Offset."]
		]
	},
	{
		"algorithm": "B-7",
		"name": "VCO with linear FM",
		"category": "Oscillators",
		"video": "5JPUuaPaxxo",
		"io": [
			"X is V/Oct pitch input",
			"Y is linear FM input",
			"Z is tune ±0.5 octaves",
			"A & B are selectable output waveforms"
		],
		"extra": "Receives MIDI",
		"parameters": [
			[-16, 8, 0, "Octave shift."],
			[0, 32, 32, "Sets an attenuation for output A."],
			[0, 32, 32, "Sets an attenuation for output B."],
			[0, 4, 1, "Type A."],
			[0, 4, 3, "Type B."]
		]
	},
	{
		"algorithm": "B-8",
		"name": "VCO with waveshaping",
		"category": "Oscillators",
		"video": "8JDX9bjcG3o",
		"io": [
			"X is V/Oct pitch input",
			"Y is waveshape/PWM",
			"Z is tune ±0.5 octaves or sync",
			"A & B are selectable output waveforms"
		],
		"extra": "Receives MIDI",
		"parameters": [
			[-16, 8, 0, "Octave shift."],
			[0, 32, 32, "Sets an attenuation for output A."],
			[0, 32, 32, "Sets an attenuation for output B."],
			[-32, 32, 0, "Offset for input Y (manual shape control)."],
			[0, 2, 0, "Selects output waveforms."],
			[-12, 12, 0, "Transpose."],
			[-51, 50, -51, "Fine tune/enable sync."]
		]
	},
	{
		"algorithm": "C-1",
		"name": "Precision Adder (fractional offsets)",
		"category": "CV Processing",
		"video": "no video",
		"io": [
			"A = X + Y + offset",
			"B = X - Y - offset",
			"offset in steps derived from Z"
		],
		"extra": "Knob recorder enabled (use S knob to access parameters)",
		"parameters": [
			[1, 12, 12, "Sets the offset divisor."],
			[0, 2, 0, "Sum Mode."]
		]
	},
	{
		"algorithm": "C-2",
		"name": "Voltage Controlled Delay Line",
		"category": "Delay",
		"video": "xirCtbaCRUA",
		"io": [
			"X is audio input",
			"Y is delay time",
			"Z is feedback (bipolar)",
			"A is delay output",
			"B is delay output plus input signal"
		],
		"extra": false,
		"parameters": [
			[-32, 32, 0, "Applies an offset to the Y input."],
			[-32, 32, 32, "Attenuator for the Y input."],
			[0, 1, 0, "Enable saturation."]
		]
	},
	{
		"algorithm": "C-3",
		"name": "Clockable Ping Pong Delay (Z feedback)",
		"category": "Delay",
		"video": "3pHSGoLNGuQ",
		"io": [
			"X is audio input Y is clock",
			"Z is feedback",
			"A is left output",
			"B is right output"
		],
		"extra": "Tap tempo enabled",
		"parameters": [
			[0, 1, 0, "Output mode."],
			[-15, 8, 0, "Delay time multiplier."],
			[-32, 32, -32, "Input pan."]
		]
	},
	{
		"algorithm": "C-4",
		"name": "Clockable Ping Pong Delay (Z input pan)",
		"category": "Delay",
		"video": "WdUGXBpLFt4",
		"io": [
			"X is audio input Y is clock",
			"Z is input pan",
			"A is left output",
			"B is right output"
		],
		"extra": "Tap tempo enabled",
		"parameters": [
			[0, 31, 24, "Feedback."],
			[-15, 8, 0, "Delay time multiplier."],
			[0, 1, 0, "Output mode."]
		]
	},
	{
		"algorithm": "C-5",
		"name": "Resonator",
		"category": "Filters",
		"video": "uqnreY1yVd8",
		"io": [
			"X is audio input",
			"Y is centre frequency (pitch) Z is gain",
			"A is audio output",
			"B is envelope of audio output"
		],
		"extra": "Z press is 'strike' (use S knob to access parameters)",
		"parameters": [
			[-31, 31, 0, "Applies an offset to the Y input."],
			[0, 1, 0, "Mode."]
		]
	},
	{
		"algorithm": "C-6",
		"name": "Vocoder",
		"category": "Filters",
		"video": "bYlP8Q03Xl4",
		"io": [
			"X is modulator input",
			"Y is carrier input",
			"Z sets the decay time",
			"A is audio output",
			"B is envelope output"
		],
		"extra": false,
		"parameters": [
			[0, 1, 0, "Selects the filter bank."],
			[0, 64, 16, "Output A attenuation/gain."],
			[0, 64, 16, "Output B attenuation/gain."]
		]
	},
	{
		"algorithm": "C-7",
		"name": "Phaser",
		"category": "Modulation Effects",
		"video": "XLxi45ONXVA",
		"io": [
			"X is audio input",
			"Y is sweep",
			"Z is feedback (bipolar)",
			"A is phase-shifted output plus input signal",
			"B is phase-shifted output"
		],
		"extra": false,
		"parameters": [
			[-31, 31, 0, "Applies an offset to the Y input."],
			[1, 10, 10, "Sets the number of phaser stages."]
		]
	},
	{
		"algorithm": "C-8",
		"name": "Bit Crusher",
		"category": "Waveshaping",
		"video": "Tv5c8gPYwFs",
		"io": [
			"X is signal input",
			"Y is sample rate input Z sets bit reduction",
			"A is signal output",
			"B is comparator output"
		],
		"extra": false,
		"parameters": [
			[-31, 31, 0, "Applies an offset to the Y input."],
			[0, 7, 0, "Selects the bit reduction mode."],
			[0, 7, 0, "Selects the bit mangling mode."]
		]
	},
	{
		"algorithm": "D-1",
		"name": "DJ Filter",
		"category": "Filters",
		"video": "fII_lscKbBg",
		"io": [
			"X & Y are stereo audio input",
			"A & B are stereo audio output",
			"Z is filter sweep"
		],
		"extra": false,
		"parameters": [
			[0, 31, 0, "Filter resonance."]
		]
	},
	{
		"algorithm": "D-2",
		"name": "Tape Delay",
		"category": "Delay",
		"video": "yvoYk0w1Loo",
		"io": [
			"X is audio input",
			"Y is tape speed",
			"Z is feedback",
			"A = output according to mode",
			"B = output according to mode"
		],
		"extra": false,
		"parameters": [
			[0, 43, 43, "Tape length."],
			[-9, 9, 0, "Fine length control."],
			[-8, 16, 0, "Tape speed."],
			[0, 2, 0, "Output mode."]
		]
	},
	{
		"algorithm": "D-3",
		"name": "Waveform Animator",
		"category": "Waveshaping",
		"video": "htkdsLm0oa8",
		"io": [
			"X is audio input",
			"Y is threshold",
			"Z is separation",
			"A = animated output",
			"B = square waves output"
		],
		"extra": false,
		"parameters": [
			[-1, 31, 11, "LFO depth."],
			[-31, 31, 0, "Y offset."],
			[0, 31, 23, "LFO rate."],
			[-1, 31, -1, "Scale."]
		]
	},
	{
		"algorithm": "D-4",
		"name": "State Variable Filter",
		"category": "Filters",
		"video": "7sIsahePBHA",
		"io": [
			"X is audio input",
			"Y is filter frequency",
			"Z is filter type",
			"A is filter output LP->BP->HP",
			"B is filter output HP->BP->LP"
		],
		"extra": false,
		"parameters": [
			[-80, 80, 0, "Y Offset."],
			[0, 31, 0, "Filter resonance."]
		]
	},
	{
		"algorithm": "D-5",
		"name": "LP/HP Filter",
		"category": "Filters",
		"video": "RwRScmH7atc",
		"io": [
			"X is audio input",
			"Y is filter frequency",
			"Z is filter resonance",
			"A is low pass filter output B is high pass filter output"
		],
		"extra": false,
		"parameters": [
			[-80, 80, 0, "Y Offset."]
		]
	},
	{
		"algorithm": "D-6",
		"name": "LP/BP Filter",
		"category": "Filters",
		"video": "SjmzSA3bYgc",
		"io": [
			"X isLP/BP Filter audio input",
			"Y is filter frequency",
			"Z is filter resonance",
			"A is low pass filter output",
			"B is band pass filter output"
		],
		"extra": false,
		"parameters": [
			[-80, 80, 0, "Y Offset."]
		]
	},
	{
		"algorithm": "D-7",
		"name": "BP/HP Filter",
		"category": "Filters",
		"video": "I9FoVhLcMPs",
		"io": [
			"X is audio input",
			"Y is filter frequency",
			"Z is filter resonance",
			"A is band pass filter output",
			"B is high pass filter output"
		],
		"extra": false,
		"parameters": [
			[-80, 80, 0, "Y Offset."]
		]
	},
	{
		"algorithm": "D-8",
		"name": "BP/Notch Filter",
		"category": "Filters",
		"video": "Lv6r94IeERA",
		"io": [
			"X is audio input",
			"Y is filter frequency",
			"Z is filter resonance",
			"A is band pass filter output",
			"B is notch filter output"
		],
		"extra": false,
		"parameters": [
			[-80, 80, 0, "Y Offset."]
		]
	},
	{
		"algorithm": "E-1",
		"name": "AR Envelope",
		"category": "Envelopes & VCA",
		"video": "CCae5gjnfrc",
		"io": [
			"X is trigger input",
			"Y is trigger input",
			"Z sets the envelope times ",
			"A is envelope output",
			"B is envelope output"
		],
		"extra": "Press Z to trigger (use S knob to access parameters), Receives MIDI",
		"parameters": [
			[0, 2, 0, "Trigger Mode."],
			[0, 1, 0, "Z Mode."],
			[-40, 41, 32, "Output A Attenuverter."],
			[-40, 40, 32, "Output B Attenuverter."],
			[-40, 40, 0, "Output A Offset."],
			[-40, 40, 0, "Output B Offset."],
			[0, 32, 26, "Attack shape (exponential to linear)."],
			[0, 32, 10, "Release shape (exponential to linear)."]
		]
	},
	{
		"algorithm": "E-2",
		"name": "AR Envelope & VCA",
		"category": "Envelopes & VCA",
		"video": "mC7AxLqseVc",
		"io": [
			"X is trigger input",
			"Y is VCA input",
			"Z sets the envelope times",
			"A is envelope output",
			"B is VCA output"
		],
		"extra": "Press Z to trigger (use S knob to access parameters), Receives MIDI",
		"parameters": [
			[0, 8, 0, "Trigger Mode."],
			[0, 1, 0, "Z Mode."],
			[-40, 41, 32, "Output A Attenuverter."],
			[-40, 40, 32, "Output B Attenuverter."],
			[-40, 40, 0, "Output A Offset."],
			[-40, 40, 0, "Output B Offset."],
			[0, 32, 26, "Attack shape (exponential to linear)."],
			[0, 32, 10, "Release shape (exponential to linear)."]
		]
	},
	{
		"algorithm": "E-3",
		"name": "Dual AR Envelope",
		"category": "Envelopes & VCA",
		"video": "xnTesaYXU7Y",
		"io": [
			"X is trigger input A",
			"Y is trigger input B",
			"Z sets the envelope times A is envelope output A",
			"B is envelope output B"
		],
		"extra": "Press Z to trigger (use S knob to access parameters), Receives MIDI",
		"parameters": [
			[0, 2, 0, "Trigger Mode."],
			[0, 1, 0, "Z Mode."],
			[-40, 41, 32, "Output A Attenuverter."],
			[-40, 40, 32, "Output B Attenuverter."],
			[-40, 40, 0, "Output A Offset."],
			[-40, 40, 0, "Output B Offset."],
			[0, 32, 26, "Attack shape (exponential to linear)."],
			[0, 32, 10, "Release shape (exponential to linear)."]
		]
	},
	{
		"algorithm": "E-4",
		"name": "Stereo Compressor",
		"category": "Compression",
		"video": "I6ej41SvmwM",
		"io": [
			"X is left input",
			"Y is right input",
			"A is left output",
			"B is right output",
			"Z is compression ratio"
		],
		"extra": false,
		"parameters": [
			[-36, 0, -12, "Threshold."],
			[0, 99, 20, "Attack time."],
			[0, 99, 20, "Release time."],
			[-1, 36, 0, "Make-up gain."],
			[0, 99, 0, "Lookahead."]
		]
	},
	{
		"algorithm": "E-5",
		"name": "Side-chain Compressor",
		"category": "Compression",
		"video": "1YRjXeIzMfo",
		"io": [
			"X is left input",
			"Y is right input",
			"A is left output",
			"B is right output ",
			"Z is side-chain input"
		],
		"extra": false,
		"parameters": [
			[-36, 0, -12, "Threshold."],
			[0, 99, 20, "Attack time."],
			[0, 99, 20, "Release time."],
			[-1, 36, 0, "Make-up gain."],
			[0, 99, 0, "Lookahead."],
			[0, 99, 50, "Compression ratio."]
		]
	},
	{
		"algorithm": "E-6",
		"name": "Mono Compressor",
		"category": "Compression",
		"video": "EbfoyWgwdMg",
		"io": [
			"X is audio input",
			"Y is side-chain input",
			"A is audio output",
			"B is gain reduction output ",
			"Z is compression ratio"
		],
		"extra": false,
		"parameters": [
			[-36, 0, -12, "Threshold."],
			[0, 99, 20, "Attack time."],
			[0, 99, 20, "Release time."],
			[-1, 36, 0, "Make-up gain."],
			[0, 99, 0, "Lookahead."],
			[-80, 12, -80, "Side-chain mix."]
		]
	},
	{
		"algorithm": "E-7",
		"name": "Euro to Buchla Converter",
		"category": "Utility",
		"video": "no video",
		"io": [
			"X is 1V/octave input",
			"Y is gate input",
			"Z is tune ±0.5 octaves",
			"A is 1.2V/octave output",
			"B is gate/trigger output"
		],
		"extra": false,
		"parameters": [
			[-8, 8, 0, "Octave shift."],
			[-99, 99, 99, "Coarse."],
			[-99, 99, 10, "Fine."],
			[-99, 99, 0, "Offsest."],
			[0, 99, 49, "Gate level."]
		]
	},
	{
		"algorithm": "E-8",
		"name": "Buchla to Euro Converter",
		"category": "Utility",
		"video": "no video",
		"io": [
			"X is 1.2V/octave input",
			"Y is gate/trigger input",
			"Z is tune ±0.5 octaves",
			"A is 1V/octave output",
			"B is trigger output"
		],
		"extra": false,
		"parameters": [
			[-8, 8, 0, "Octave shift."]
		]
	},
	{
		"algorithm": "F-1",
		"name": "Clockable AD Envelope (with mute)",
		"category": "Envelopes & VCA",
		"video": "LlM3GRI10Hk",
		"io": [
			"X is clock input",
			"Y is mute input",
			"Z sets the envelope shape",
			"A is envelope output",
			"B is envelope output"
		],
		"extra": "Tap tempo enabled",
		"parameters": [
			[-15, 8, 0, "Delay time multiplier."],
			[-40, 41, 32, "Output A Attenuverter."],
			[-40, 20, 32, "Output B Attenuverter."],
			[0, 32, 26, "Attack shape."],
			[0, 32, 10, "Decay shape."]
		]
	},
	{
		"algorithm": "F-2",
		"name": "Clockable AD Envelope (with gate)",
		"category": "Envelopes & VCA",
		"video": "7H4rT9ClRFI",
		"io": [
			"X is clock input",
			"Y is gate input",
			"Z sets the envelope shape ",
			"A is envelope output",
			"B is envelope output"
		],
		"extra": "Tap tempo enabled",
		"parameters": [
			[-15, 8, 0, "Delay time multiplier."],
			[-40, 41, 32, "Output A Attenuverter."],
			[-40, 41, 32, "Output B Attenuverter."],
			[0, 32, 26, "Attack shape."],
			[0, 32, 10, "Decay shape."]
		]
	},
	{
		"algorithm": "F-3",
		"name": "Clockable AD Envelope (with trigger)",
		"category": "Envelopes & VCA",
		"video": "xQ4dGCsA1eo",
		"io": [
			"X is clock input",
			"Y is trigger input",
			"Z sets the envelope shape ",
			"A is envelope output",
			"B is envelope output"
		],
		"extra": "Tap tempo enabled",
		"parameters": [
			[-15, 8, 0, "Delay time multiplier."],
			[-40, 41, 32, "Output A Attenuverter."],
			[-40, 40, 32, "Output B Attenuverter."],
			[0, 32, 26, "Attack shape."],
			[0, 32, 10, "Decay shape."]
		]
	},
	{
		"algorithm": "F-4",
		"name": "Clockable AD Envelope & VCA",
		"category": "Envelopes & VCA",
		"video": "rl5xEyjxXvk",
		"io": [
			"X is clock input",
			"Y is VCA input",
			"Z sets the envelope shape",
			"A is envelope output",
			"B is VCA output"
		],
		"extra": "Tap tempo enabled",
		"parameters": [
			[-15, 8, 0, "Delay time multiplier."],
			[-40, 41, 32, "Output A Attenuverter."],
			[-40, 40, 32, "Output B Attenuverter."],
			[0, 32, 26, "Attack shape."],
			[0, 32, 10, "Decay shape."]
		]
	},
	{
		"algorithm": "F-5",
		"name": "Shift Register Random CVs",
		"category": "Randomness & Patterns",
		"video": "3sSr0X3vaDI",
		"io": [
			"X is clock input",
			"Y is modify input",
			"Z sets the randomness",
			"A is unipolar output",
			"B is bipolar output"
		],
		"extra": false,
		"parameters": [
			[0, 1, 0, "Direction."],
			[1, 32, 8, "Length."],
			[0, 31, 0, "Slew rate."],
			[-40, 40, 40, "Output attenuverter."],
			[-40, 40, 0, "Offset."]
		]
	},
	{
		"algorithm": "F-6",
		"name": "Shift Register Random Quantized CVs",
		"category": "Randomness & Patterns",
		"video": "hDI8juYrebw",
		"io": [
			"X is clock input",
			"Y is modify input",
			"Z sets the randomness",
			"A is quantized CV output",
			"B is trigger output"
		],
		"extra": "Outputs MIDI",
		"parameters": [
			[0, 1, 0, "Direction."],
			[1, 32, 8, "Length."],
			[0, 15, 0, "Scale."],
			[-40, 40, 32, "Output attenuverter."],
			[0, 1, 0, "MIDI Gate."],
			[-48, 48, 0, "Transpose."],
			[0, 31, 0, "Slew."]
		]
	},
	{
		"algorithm": "F-7",
		"name": "Shift Register Random Triggers",
		"category": "Randomness & Patterns",
		"video": "4HqIG_Brzxg",
		"io": [
			"X is clock input",
			"Y is modify input",
			"Z sets the randomness",
			"A is trigger output",
			"B is inverse trigger output"
		],
		"extra": "Press Z to modify sequence (use S knob to access parameters)",
		"parameters": [
			[1, 32, 8, "Length."],
			[0, 31, 0, "Pulse A."],
			[0, 31, 0, "Pulse B."]
		]
	},
	{
		"algorithm": "F-8",
		"name": "Shift Register Random Dual Triggers",
		"category": "Randomness & Patterns",
		"video": "b3gnEJikp9M",
		"io": [
			"X is clock input",
			"Y is modify input",
			"Z sets the randomness",
			"A is trigger output A",
			"B is trigger output B"
		],
		"extra": false,
		"parameters": [
			[1, 32, 8, "Length A."],
			[1, 32, 8, "Length B."],
			[0, 31, 0, "Pulse A."],
			[0, 31, 0, "Pulse B."]
		]
	},
	{
		"algorithm": "G-1",
		"name": "ES-1 Emulation",
		"category": "MIDI & External Control",
		"video": "9_raPvdIMRE",
		"io": [
			"X is input 1",
			"Y is input 2",
			"Z is trim",
			"A is output 1",
			"B is output 2"
		],
		"extra": false,
		"parameters": []
	},
	{
		"algorithm": "G-2",
		"name": "ES-2 Emulation",
		"category": "MIDI & External Control",
		"video": "8EIPFZwQ9uQ",
		"io": [
			"X is input 1",
			"Y is input 2",
			"Z is trim",
			"A is output 1",
			"B is output 2"
		],
		"extra": false,
		"parameters": []
	},
	{
		"algorithm": "G-3",
		"name": "Pitch Reference",
		"category": "Utility",
		"video": "MID1aSrWX7o",
		"io": [
			"X & Y are not used",
			"A is sine output",
			"B is square output",
			"Z sets the amplitude of A & B"
		],
		"extra": false,
		"parameters": [
			[0, 11, 0, "Semitone."],
			[-1, 9, 4, "Octave"]
		]
	},
	{
		"algorithm": "G-4",
		"name": "Frequency Reference",
		"category": "Utility",
		"video": "fVyjM50GKWg",
		"io": [
			"X & Y are not used",
			"A is sine output",
			"B is square output",
			"Z sets the amplitude of A & B"
		],
		"extra": false,
		"parameters": []
	},
	{
		"algorithm": "G-5",
		"name": "Tuner",
		"category": "Utility",
		"video": "6zXS3RKR3xw",
		"io": [
			"X is input",
			"Y is not used",
			"A is a copy of X",
			"B is a sine wave at the tracked pitch",
			"Z sets the amplitude of B"
		],
		"extra": false,
		"parameters": []
	},
	{
		"algorithm": "G-6",
		"name": "Clock",
		"category": "MIDI & External Control",
		"video": "af6eHIYT2Ww",
		"io": [
			"X is clock input",
			"Y is run/stop input",
			"A & B are clock outputs",
			"Z is not used"
		],
		"extra": "Z press is start/stop or tap (use S knob to access parameters), Outputs & Receives MIDI",
		"parameters": [
			[0, 5, 0, "Mode."],
			[-2, 14, 6, "Clock divisor for A."],
			[-2, 14, -2, "Clock divisor for B."],
			[0, 11, 8, "Clock divisor for X."],
			[0, 3, 0, "Y mode."],
			[-120, -120, 0, "Tempo"],
			[0, 1, 0, "Z mode."]
		]
	},
	{
		"algorithm": "G-7",
		"name": "MIDI/CV",
		"category": "MIDI & External Control",
		"video": "1ArqOPnezdo",
		"io": [
			"X & Y are not used",
			"A is pitch CV output",
			"B is gate output",
			"Z is not used"
		],
		"extra": "Receives MIDI",
		"parameters": [
			[-31, 31, 0, "Transpose."],
			[0, 24, 2, "Pitch bend depth."],
			[-1, 99, -1, "Scale."],
			[0, 32, 0, "Portamento."],
			[0, 100, 0, "Interrupt."],
			[0, 2, 0, "Priority."]

		]
	},
	{
		"algorithm": "G-8",
		"name": "CV/MIDI",
		"category": "MIDI & External Control",
		"video": "JLomApKB30E",
		"io": [
			"X is pitch CV input",
			"Y is gate input",
			"A & B pass through X & Y",
			"Z is mod wheel or velocity CV input"
		],
		"extra": "Outputs MIDI",
		"parameters": [
			[0, 99, 16, "Channel offset."],
			[0, 127, 0, "Z mode."],
			[0, 99, 0, "X CC."],
			[0, 99, 0, "Y CC."]
		]
	},
	{
		"algorithm": "H-1",
		"name": "Crossfade/Pan",
		"category": "Modulation Effects",
		"video": "Ar7Gym6SOSE",
		"io": [
			"A = Mix of X & Y according to Z",
			"B = Inverted mix of X & Y according to Z, or LFO"
		],
		"extra": "Knob recorder enabled (use S knob to access parameters)",
		"parameters": [
			[0, 3, 0, "Crossfade/pan law."],
			[0, 2, 0, "Clip mode."],
			[-1, 99, 0, "Output B option/LFO speed."],
			[0, 32, 32, "Output B attenuation."]
		]
	},
	{
		"algorithm": "H-2",
		"name": "Dual Sample and Hold",
		"category": "Randomness & Patterns",
		"video": "d-kA1a9zrx8",
		"io": [
			"A = X when Z exceeds 1V",
			"B = Y when Z exceeds 1V"
		],
		"extra": false,
		"parameters": [
			[0, 1, 0, "Mode."],
			[0, 31, 0, "Offset."],
			[0, 64, 0, "Noise X."],
			[0, 64, 0, "Noise Y."],
			[0, 32, 0, "Slew A."],
			[0, 32, 0, "Slew B."]
		]
	},
	{
		"algorithm": "H-3",
		"name": "Dual Quantizer (Z scale)",
		"category": "Quantizers",
		"video": "QkiZ__Kx1EE",
		"io": [
			"A = quantized( X )",
			"B = quantized( Y )",
			"Z chooses scale"
		],
		"extra": "Outputs MIDI",
		"parameters": [
			[0, 32, 32, "Input X attenuation."],
			[0, 32, 32, "Input Y attenuation."],
			[-31, 31, 0, "X transpose."],
			[-31, 31, 0, "Y transpose."]
		]
	},
	{
		"algorithm": "H-4",
		"name": "Dual Quantizer",
		"category": "Quantizers",
		"video": "Ui3mC0rQ4KU",
		"io": [
			"A = quantized( X )",
			"B = quantized( Y )",
			"Z is trigger"
		],
		"extra": "Outputs & Receives MIDI",
		"parameters": [
			[0, 32, 32, "Input X attenuation."],
			[0, 32, 32, "Input Y attenuation."],
			[-18, 18, 0, "X scale/trigger mode."],
			[-18, 18, 0, "Y scale/trigger mode."],
			[0, 1, 0, "MIDI Gate."]
		]
	},
	{
		"algorithm": "H-5",
		"name": "Dual Euclidean Patterns",
		"category": "Randomness & Patterns",
		"video": "Y3E8XvoLLzg",
		"io": [
			"A is pattern 1 out",
			"B is pattern 2 out",
			"X is clock input",
			"Y is reset input",
			"Z sets the 'pulses' for pattern 2"
		],
		"extra": false,
		"parameters": [
			[1, 16, 16, "Steps."],
			[1, 16, 4, "Pulses (pattern 1)."],
			[0, 96, 0, "A Rotation."],
			[0, 31, 0, "Pulse length."],
			[-1, 96, -1, "B Rotation."],
			[0, 96, 0, "Repeat."]
		]
	},
	{
		"algorithm": "H-6",
		"name": "Dual Delayed Pulse Generator",
		"category": "Utility",
		"video": "7UW7IQYfFyQ",
		"io": [
			"A is pulse triggered by X",
			"B is pulse triggered by Y",
			"Z function depends on parameter setting"
		],
		"extra": false,
		"parameters": [
			[0, 6, 0, "Z mode."],
			[0, 12, 6, "Range."],
			[-1, 31, -1, "Delay."],
			[0, 31, 7, "Length."]
		]
	},
	{
		"algorithm": "H-7",
		"name": "Noise",
		"category": "Oscillators",
		"video": "WBX-4gOPX50",
		"io": [
			"A is noise, optionally scaled by X",
			"B is noise, optionally scaled by Y",
			"Z is blend"
		],
		"extra": false,
		"parameters": [
			[-1, 3, -1, "Type A."],
			[-1, 3, -1, "Type B."],
			[-1, 31, 31, "Attenuation A."],
			[-1, 31, 31, "Attenuation B."]
		]
	},
	{
		"algorithm": "H-8",
		"name": "Quantizer 2",
		"category": "Quantizers",
		"video": "WkV_BmIXYWM",
		"io": [
			"X is pitch CV input",
			"Y is trigger input or pitch CV input ",
			"Z sets the interval between A & B",
			"A is quantized CV out",
			"B is quantized CV out"
		],
		"extra": "Receives MIDI",
		"parameters": [
			["N/A", "N/A", "N/A", "Pattern."],
			[0, 2, 0, "Scale."],
			[-12, 12, 0, "Key."],
			[0, 32, 32, "Input X attenuation."],
			[-32, 32, -32, "Trigger mode / offset / Y attenuation."],
			[0, 32, 0, "Slew rate."]
		]
	},
	{
		"algorithm": "I-1",
		"name": "Audio Playback",
		"category": "Sample Players",
		"video": "JAM5U5NFS1c",
		"io": [
			"X is retrigger CV",
			"Y is start position CV",
			"Z selects the sample",
			"A is left audio output",
			"B is right audio output"
		],
		"extra": "Receives MIDI",
		"parameters": [
			[0, 99, 0, "Folder."],
			[0, 99, 0, "Envelope time."]
		]
	},
	{
		"algorithm": "I-2",
		"name": "Clocked Audio Playback",
		"category": "Sample Players",
		"video": "9wZHqDfXvGg",
		"io": [
			"X is retrigger CV",
			"Y is clock",
			"Z selects the sample, or start position",
			"A is left audio output",
			"B is right audio output"
		],
		"extra": "Receives MIDI",
		"parameters": [
			[0, 99, 0, "Folder."],
			[0, 99, 0, "Envelope time."],
			[-1, 99, -1, "Selects the sample and function of Z."]
		]
	},
	{
		"algorithm": "I-3",
		"name": "Audio Playback with V/Oct",
		"category": "Sample Players",
		"video": "djuLLK1pZgk",
		"io": [
			"X is retrigger CV",
			"Y is V/octave pitch CV",
			"Z selects the sample",
			"A is left audio output",
			"B is right audio output"
		],
		"extra": "Receives MIDI",
		"parameters": [
			[0, 99, 0, "Folder."],
			[-8, 8, 0, "Octave shift."],
			[0, 99, 0, "Envelope time."],
			[-1, 4, -1, "MIDI mode."],
			[0, 24, 2, "Pitch bend depth."]
		]
	},
	{
		"algorithm": "I-4",
		"name": "Audio Playback with Z Speed",
		"category": "Sample Players",
		"video": "UG0bWiCYbsA",
		"io": [
			"X is retrigger CV",
			"Y is start position CV",
			"Z sets the playback speed",
			"A is left audio output",
			"B is right audio output"
		],
		"extra": "Receives MIDI",
		"parameters": [
			[0, 99, 0, "Folder."],
			[0, 99, 0, "Selects the sample."],
			[0, 99, 0, "Envelope time."]
		]
	},
	{
		"algorithm": "I-5",
		"name": "Audio Playback with Reverse",
		"category": "Sample Players",
		"video": "no video",
		"io": [
			"X is retrigger CV",
			"Y selects the sample",
			"Z sets the playback speed",
			"A is left audio output",
			"B is right audio output"
		],
		"extra": "Receives MIDI",
		"parameters": [
			[0, 99, 0, "Folder."],
			[-49, 49, 0, "Y offset."],
			[0, 99, 0, "Envelope time."]
		]
	},
	{
		"algorithm": "I-6",
		"name": "Audio Playback with Scrub",
		"category": "Sample Players",
		"video": "-Z3v_W-s2rI",
		"io": [
			"X is not used",
			"Y is playback position",
			"Z selects the sample",
			"A is left audio output",
			"B is right audio output"
		],
		"extra": "(Receives MIDI?)",
		"parameters": [
			[0, 99, 0, "Folder."],
			[1, 99, 16, "Speed limit."],
			[0, 20, 0, "Slew limit."],
			[-32, 32, 0, "Y offset."]
		]
	},
	{
		"algorithm": "I-7",
		"name": "Dual Audio Playback",
		"category": "Sample Players",
		"video": "tBC_KhffiGk",
		"io": [
			"X is trigger A",
			"Y is trigger B",
			"Z selects the samples",
			"A is left audio output",
			"B is right audio output"
		],
		"extra": "Receives MIDI",
		"parameters": [
			[0, 99, 0, "Folder."],
			[0, 1, 0, "Selects the panning option."],
			[0, 99, 0, "Envelope time."]
		]
	},
	{
		"algorithm": "I-8",
		"name": "Dual Audio Playback with Z Speed",
		"category": "Sample Players",
		"video": "NIt7VFPQwaw",
		"io": [
			"X is trigger A",
			"Y is trigger B",
			"Z sets the playback speed",
			"A is left audio output",
			"B is right audio output"
		],
		"extra": "Receives MIDI",
		"parameters": [
			[0, 99, 0, "Folder."],
			[0, 99, 0, "Selects sample A."],
			[0, 99, 1, "Selects sample B."],
			[0, 1, 0, "Selects the panning option."],
			[0, 3, 0, "Select which sample(s) are affected by Z."],
			[0, 99, 0, "Envelope time."]
		]
	},
	{
		"algorithm": "J-1",
		"name": "MIDI File Playback (Clocked)",
		"category": "MIDI & External Control",
		"video": "HmQVkyjWtJE",
		"io": [
			"X is clock",
			"Y is retrigger CV",
			"Z selects the MIDI file",
			"A is pitch CV output",
			"B is gate output"
		],
		"extra": "Outputs MIDI",
		"parameters": [
			[-1, 31, -1, "Selects the MIDI file."]
		]
	},
	{
		"algorithm": "J-2",
		"name": "Multisample 2 Audio Playback",
		"category": "Sample Players",
		"video": "B7GpmswwOhg",
		"io": [
			"X is retrigger CV",
			"Y is V/octave pitch CV",
			"Z is tune ±0.5 octaves",
			"A is left audio output",
			"B is right audio output"
		],
		"extra": "Receives MIDI",
		"parameters": [
			[0, 99, 0, "Folder."],
			[-8, 8, 0, "Octave shift."],
			[0, 99, 0, "Envelope time."],
			[-1, 4, -1, "MIDI mode."],
			[0, 24, 2, "Pitch bend depth."],
			[0, 1, 1, "Selects the panning option."]
		]
	},
	{
		"algorithm": "J-3",
		"name": "MIDI File Playback (Free Running)",
		"category": "MIDI & External Control",
		"video": "no video",
		"io": [
			"X is V/octave speed CV",
			"Y is retrigger CV",
			"Z sets the playback speed",
			"A is pitch CV output",
			"B is gate output"
		],
		"extra": "Outputs MIDI",
		"parameters": [
			[0, 31, 0, "Selects the MIDI file."]
		]
	},
	{
		"algorithm": "J-4",
		"name": "Audio Playback with End CV",
		"category": "Sample Players",
		"video": "80pRG39kqlA",
		"io": [
			"X is retrigger or end position CV",
			"Y is start position CV",
			"Z is end position or retrigger CV",
			"A is left audio output",
			"B is right audio output"
		],
		"extra": "Receives MIDI",
		"parameters": [
			[0, 99, 0, "Folder."],
			[0, 99, 0, "Selects the sample."],
			[0, 99, 0, "Envelope time."]
		]
	},
	{
		"algorithm": "J-5",
		"name": "Audio Recorder",
		"category": "Recorders",
		"video": "yzVoSIUWMJ0",
		"io": [
			"X is left audio input",
			"Y is right audio input",
			"Z controls recording",
			"A is left audio output",
			"B is right audio output"
		],
		"extra": "Do not remove the MicroSD card or power off the disting while recording is active, as this could corrupt the card.",
		"parameters": []
	},
	{
		"algorithm": "J-6",
		"name": "Multisample Audio Playback",
		"category": "Sample Players",
		"video": "vaRF-YQtkFM",
		"io": [
			"X is retrigger CV",
			"Y is V/octave pitch CV",
			"Z is tune ±0.5 octaves",
			"A is left audio output",
			"B is right audio output"
		],
		"extra": "Receives MIDI",
		"parameters": [
			[0, 99, 0, "Folder."],
			[-8, 8, 0, "Octave shift."],
			[0, 99, 0, "Envelope time."],
			[-1, 4, -1, "MIDI mode."],
			[0, 24, 2, "Pitch bend depth."]
		]
	},
	{
		"algorithm": "J-7",
		"name": "Mono Audio Recorder",
		"category": "Recorders",
		"video": "no video",
		"io": [
			"X is audio input",
			"Y is unused",
			"Z controls recording",
			"A is left audio output",
			"B is right audio output"
		],
		"extra": false,
		"parameters": []
	},
	{
		"algorithm": "J-8",
		"name": "Audio Playback with Crossfade",
		"category": "Sample Players",
		"video": "x3bmglh36mE",
		"io": [
			"X is gate/clock CV",
			"Y is V/octave pitch CV",
			"Z selects the sample",
			"A is left audio output",
			"B is right audio output"
		],
		"extra": "(Receives MIDI?)",
		"parameters": [
			[0, 99, 0, "Folder."],
			[-8, 8, 0, "Octave shift."],
			[0, 99, 50, "Crossfade time."],
			[0, 2, 1, "Gate mode."]
		]
	},
	{
		"algorithm": "K-1",
		"name": "Wavetable VCO",
		"category": "Oscillators",
		"video": "piNLUIcoEoI",
		"io": [
			"X is V/Oct pitch input",
			"Y is wavetable input",
			"Z is tune ±0.5 octaves",
			"A is wavetable output",
			"B is sub-octave square output or detuned output"
		],
		"extra": "Receives MIDI",
		"parameters": [
			[0, 99, 0, "Chooses the wavetable."],
			[-16, 8, 0, "Octave shift."],
			[-32, 32, 0, "Y offset."],
			[-3, 99, 0, "Output B option/detune."],
			[-1, 127, 0, "Output B phase"]
		]
	},
	{
		"algorithm": "K-2",
		"name": "Clockable Wavetable LFO",
		"category": "LFO",
		"video": "PuntdFhIP8M",
		"io": [
			"X is clock input",
			"Y is wavetable input",
			"Z is integer multiplier/divider",
			"A & B are wavetable output"
		],
		"extra": false,
		"parameters": [
			[0, 99, 0, "Chooses the wavetable."],
			[-32, 32, 0, "Y Offset."],
			[-32, 32, 32, "Output A attenuverter."],
			[-32, 32, -32, "Output B attenuverter."],
			[-15, 8, 0, "LFO time multiplier."]
		]
	},
	{
		"algorithm": "K-3",
		"name": "Wavetable Waveshaper",
		"category": "Waveshaping",
		"video": "8FHf27D2byA",
		"io": [
			"X is signal input",
			"Y is wavetable input",
			"Z is gain",
			"A is wavetable output",
			"B is complementary wavetable output"
		],
		"extra": false,
		"parameters": [
			[0, 99, 0, "Chooses the wavetable."],
			[-32, 32, 0, "Y Offset."]
		]
	},
	{
		"algorithm": "K-4",
		"name": "Clockable Wavetable Envelope",
		"category": "Envelopes & VCA",
		"video": "9-lIGuXpy48",
		"io": [
			"X is clock input",
			"Y is wavetable input",
			"Z is trigger",
			"A & B are wavetable output"
		],
		"extra": false,
		"parameters": [
			[0, 99, 0, "Chooses the wavetable."],
			[-32, 32, 0, "Y Offset."],
			[-32, 32, 32, "Output A attenuverter."],
			[-32, 32, -32, "Output B attenuverter."],
			[-15, 8, 0, "Envelope time multiplier."]
		]
	},
	{
		"algorithm": "K-5",
		"name": "Programmable Quantizer",
		"category": "Quantizers",
		"video": "fCVvjwelGU8",
		"io": [
			"A = quantized( X+Y )",
			"B = trigger on note change",
			"Z is slew",
			"Y = pitch or trigger"
		],
		"extra": "Outputs MIDI",
		"parameters": [
			[0, 99, 0, "Scale."],
			[0, 32, 32, "Input X attenuation."],
			[-1, 32, 31, "Input Y attenuation."],
			[-31, 31, 0, "Transpose."],
			[0, 31, 0, "Offset."]
		]
	},
	{
		"algorithm": "K-6",
		"name": "Clockable SD Delay",
		"category": "Delay",
		"video": "N4I9GYGkyxE",
		"io": [
			"X is signal",
			"Y is clock input",
			"Z is feedback",
			"A = output according to mode ",
			"B = output according to mode"
		],
		"extra": "Tap tempo enabled",
		"parameters": [
			[-15, 8, 0, "Delay time multiplier."],
			[0, 8, 8, "Maximum feedback."],
			[0, 2, 0, "Output mode."]
		]
	},
	{
		"algorithm": "K-7",
		"name": "Stereo Clockable SD Delay",
		"category": "Delay",
		"video": "8zLDnygY-BA",
		"io": [
			"X & Y are stereo audio inputs ",
			"A & B are stereo audio outputs ",
			"Z is feedback"
		],
		"extra": "Tap tempo enabled",
		"parameters": [
			[-15, 8, 0, "Delay time multiplier."],
			[0, 8, 8, "Maximum feedback."]
		]
	},
	{
		"algorithm": "K-8",
		"name": "Stereo Clockable SD Delay (Z clock)",
		"category": "Delay",
		"video": "SQrB0BS66B4",
		"io": [
			"X & Y are stereo audio inputs",
			"A & B are stereo audio outputs",
			"Z is clock input"
		],
		"extra": "Tap tempo enabled",
		"parameters": [
			[-15, 8, 0, "Delay time multiplier."],
			[0, 40, 16, "Feedback."]
		]
	},
	{
		"algorithm": "L-1",
		"name": "Stereo Reverb",
		"category": "Reverb",
		"video": "mF5mmdAhE30",
		"io": [
			"X is left input",
			"Y is right input",
			"A is left output",
			"B is right output",
			"Z is wet/dry or freeze"
		],
		"extra": "Z press is freeze (use S knob to access parameters)",
		"parameters": [
			[1, 32, 16, "Size."],
			[1, 32, 24, "Feedback."],
			[0, 5, 1, "Character."],
			[-1, 31, 8, "Lowpass filter."],
			[0, 12, 0, "Gain."],
			[-33, 32, -33, "Wet/dry."]
		]
	},
	{
		"algorithm": "L-2",
		"name": "Mono-to-Stereo Reverb",
		"category": "Reverb",
		"video": "mF5mmdAhE30",
		"io": [
			"X is audio input",
			"Y is feedback CV",
			"A is left output",
			"B is right output",
			"Z is wet/dry or freeze"
		],
		"extra": "Z press is freeze (use S knob to access parameters)",
		"parameters": [
			[1, 32, 16, "Size."],
			[1, 32, 24, "Feedback."],
			[0, 5, 1, "Character."],
			[-1, 31, 8, "Lowpass filter."],
			[0, 12, 0, "Gain."],
			[-33, 32, -33, "Wet/dry."]
		]
	},
	{
		"algorithm": "L-3",
		"name": "Dual Reverb",
		"category": "Reverb",
		"video": "mF5mmdAhE30",
		"io": [
			"X and Y are audio inputs",
			"A is X plus reverb",
			"B is Y plus reverb",
			"Z is wet/dry or freeze"
		],
		"extra": "Z press is freeze (use S knob to access parameters)",
		"parameters": [
			[1, 32, 16, "Size."],
			[1, 32, 24, "Feedback."],
			[0, 5, 1, "Character."],
			[-1, 31, 8, "Lowpass filter."],
			[0, 12, 0, "Gain."],
			[-33, 32, -33, "Wet/dry."]
		]
	},
	{
		"algorithm": "L-4",
		"name": "Dual Vowel Filter",
		"category": "Filters",
		"video": "-ogn0JonlPY",
		"io": [
			"X & Y are audio inputs",
			"A & B are outputs",
			"Z is vowel selection"
		],
		"extra": false,
		"parameters": [
			[-1, 8, 0, "Vowel A."],
			[-1, 8, -1, "Vowel B."],
			[-20, 0, 0, "BPF gain 2."],
			[-20, 0, -6, "BPF gain 3."]
		]
	},
	{
		"algorithm": "L-5",
		"name": "Stereo Chorus",
		"category": "Modulation Effects",
		"video": "snOrmmR5Wfc",
		"io": [
			"X is audio input",
			"Y is LFO rate",
			"A is left output",
			"B is right output",
			"Z is wet/dry"
		],
		"extra": false,
		"parameters": [
			[0, 99, 8, "LFO depth."],
			[-64, 32, 0, "Y offset."],
			[-63, 63, 0, "Feedback."],
			[-1, 31, -1, "Lowpass filter."],
			[1, 64, 16, "Delay time."],
			[-32, 32, 0, "Fine delay time."],
			[1, 6, 6, "Stages."],
			[0, 1, 0, "Saturation."]
		]
	},
	{
		"algorithm": "L-6",
		"name": "Mono Chorus",
		"category": "Modulation Effects",
		"video": "snOrmmR5Wfc",
		"io": [
			"X is audio input",
			"Y is LFO rate",
			"A is blended output",
			"B is wet output",
			"Z is wet/dry"
		],
		"extra": false,
		"parameters": [
			[0, 99, 8, "LFO depth."],
			[-64, 32, 0, "Y offset."],
			[-63, 63, 0, "Feedback."],
			[-1, 31, -1, "Lowpass filter."],
			[1, 64, 16, "Delay time."],
			[-32, 32, 0, "Fine delay time."],
			[1, 6, 6, "Stages."],
			[0, 1, 0, "Saturation."]
		]
	},
	{
		"algorithm": "L-7",
		"name": "Mixer",
		"category": "Utility",
		"video": "XGwFlAScNOk",
		"io": [
			"X & Y are inputs ",
			"A is left output",
			"B is right output ",
			"Z is pan for input X"
		],
		"extra": false,
		"parameters": [
			[-40, 6, -6, "Input X gain."],
			[-40, 6, -6, "Input Y gain."],
			[-32, 32, 0, "Y pan."]
		]
	},
	{
		"algorithm": "L-8",
		"name": "Gate",
		"category": "Envelopes & VCA",
		"video": "SSGc-mr-Q84",
		"io": [
			"X is left input",
			"Y is right input",
			"A is left output",
			"B is right output",
			"Z is threshold"
		],
		"extra": false,
		"parameters": [
			[0, 99, 0, "Attack time."],
			[0, 99, 0, "Hold time."],
			[0, 99, 0, "Release time."],
			[0, 99, 0, "Lookahead."]
		]
	},
	{
		"algorithm": "M-1",
		"name": "Delayed LFO",
		"category": "LFO",
		"video": "Zq6EXlRmh_g",
		"io": [
			"A and B are LFOs, ramps, or ramped LFOs",
			"X is trigger input",
			"Y is ramp time",
			"Z is LFO speed"
		],
		"extra": false,
		"parameters": [
			[0, 6, 1, "Output type A."],
			[0, 6, 0, "Output type B."],
			[-32, 32, 0, "LFO speed range."],
			[-32, 32, 0, "Ramp time range."],
			[-32, 32, 32, "Attenuverter A."],
			[-32, 32, 32, "Attenuverter B."]
		]
	},
	{
		"algorithm": "M-2",
		"name": "Scaled LFO",
		"category": "LFO",
		"video": "NcWLVdAZ50M",
		"io": [
			"A and B are LFOs",
			"X and Y are min/max or offset/scale",
			"Z is LFO speed"
		],
		"extra": false,
		"parameters": [
			[0, 6, 1, "Output type A."],
			[0, 6, 0, "Output type B."],
			[-32, 32, 0, "LFO speed range."],
			[0, 1, 0, "Mode."],
			[-48, 48, 0, "X Offset."],
			[-48, 48, 0, "Y Offset."]
		]
	},
	{
		"algorithm": "M-3",
		"name": "Logic",
		"category": "CV Processing",
		"video": "xmPFQmb91uI",
		"io": [
			"A and B are logic outputs",
			"X and Y are inputs",
			"Z selects logical operation for output "
		],
		"extra": false,
		"parameters": [
			[-2, 5, 0, "Output B logical operation."],
			[-100, 100, 20, "Input X threshold."],
			[-100, 100, 20, "Input Y threshold."],
			[-100, 100, 10, "Input X hysteresis."],
			[-100, 100, 10, "Input Y hysteresis."]
		]
	},
	{
		"algorithm": "M-4",
		"name": "Half-wave Rectifier",
		"category": "Waveshaping",
		"video": "Br9MnncPGOw",
		"io": [
			"A and B are outputs",
			"X and Y are inputs",
			"Z is threshold"
		],
		"extra": "Knob recorder enabled (use S knob to access parameters)",
		"extra": false,
		"parameters": [
			[0, 3, 0, "Mode."]
		]
	},
	{
		"algorithm": "M-5",
		"name": "Stereo Filter",
		"category": "Filters",
		"video": "XgryXAiND0U",
		"io": [
			"X is left input",
			"Y is right input",
			"A is left output",
			"B is right output",
			"Z is filter frequency"
		],
		"extra": "Knob recorder enabled (use S knob to access parameters)",
		"parameters": [
			[0, 2, 0, "Mode (low-, band-, high-pass)."],
			[0, 31, 0, "Resonance (Q)."]
		]
	},
	{
		"algorithm": "M-6",
		"name": "Stereo Tape Delay",
		"category": "Delay",
		"video": "XMee99v7EYs",
		"io": [
			"X is left input",
			"Y is right input",
			"A is left output",
			"B is right output",
			"Z is tape speed"
		],
		"extra": false,
		"parameters": [
			[0, 26, 26, "Tape length."],
			[-9, 9, 0, "Fine length control."],
			[0, 36, 24, "Feedback."],
			[0, 1, 0, "Output mode."]
		]
	},
	{
		"algorithm": "M-7",
		"name": "Granular Pitch Shifter",
		"category": "Delay",
		"video": "pUqJBDtFfL8",
		"io": [
			"X is audio input",
			"Y is pitch 1V/octave",
			"A is mix output",
			"B is pitch shifted output",
			"Z is mix or freeze"
		],
		"extra": "Z press is freeze (use S knob to access parameters)",
		"parameters": [
			[0, 99, 50, "Grain length."],
			[0, 3, 0, "Window type."],
			[0, 32, 16, "Delay."],
			[0, 64, 0, "Feedback."],
			[-48, 48, 0, "Y Offset (semitones)."],
			[-99, 99, 0, "Fine (cents)."],
			[-65, 64, -65, "Mix."]
		]
	},
	{
		"algorithm": "M-8",
		"name": "Chaos",
		"category": "Randomness & Patterns",
		"video": "I5NVIgw_0A4",
		"io": [
			"X & Y influence the chaos",
			"A & B are chaotic outputs",
			"Z is speed"
		],
		"extra": false,
		"parameters": [
			[-64, 32, 0, "Range."],
			[0, 11, 0, "Outputs."],
			[-64, 64, 32, "Atten A."],
			[-64, 64, 32, "Atten B."],
			[-32, 32, 0, "Offset A."],
			[-32, 32, 0, "Offset B."],
			[0, 1, 0, "Clamp."]
		]
	},
	{
		"algorithm": "N-1",
		"name": "Switch",
		"category": "Utility",
		"video": "k8K5AiGCy-g",
		"io": [
			" X and Y are inputs",
			"A and B are outputs",
			"Z is control CV or trigger"
		],
		"extra": "Knob recorder enabled (use S knob to access parameters)",
		"parameters": [
			[0, 1, 0, "Mode."],
			[0, 32, 3, "Hysteresis."],
			[0, 99, 0, "Fade."],
			[-1, 99, 99, "Chance."]
		]
	},
	{
		"algorithm": "N-2",
		"name": "Rotary",
		"category": "Modulation Effects",
		"video": "fT-1Bceazbs",
		"io": [
			"X is audio input",
			"Y is mix",
			"A and B are stereo outputs",
			"Z is speed"
		],
		"extra": false,
		"parameters": [
			[0, 32, 32, "Mix."],
			[0, 63, 24, "Depth."],
			[0, 99, 10, "Slew."],
			[0, 32, 15, "Crossover"],
			[0, 64, 15, "Bass modulation."]
		]
	},
	{
		"algorithm": "N-5",
		"name": "Pulsar VCO",
		"category": "Oscillators",
		"video": "Ekz4Eq8fJ9Q",
		"io": [
			"X is V/Oct pitch input (fundamental)",
			"Y is V/Oct pitch input (formant)",
			"Z is tune or masking",
			"A & B are pulsar outputs"
		],
		"extra": "Receives MIDI",
		"parameters": [
			[0, 99, 0, "Chooses the wavetable."],
			[0, 99, 0, "Chooses the wave."],
			[0, 3, 0, "Window."],
			[0, 1, 0, "Y Mode."],
			[0, 99, 0, "Masking."],
			[-16, 8, 0, "Octave."]
		]
	},
	{
		"algorithm": "N-8",
		"name": "Clockable SD Ping Pong",
		"category": "Delay",
		"video": "Y9sYDyUT6wE",
		"io": [
			"X is signal",
			"Y is clock input",
			"A & B are stereo audio outputs",
			"Z is feedback"
		],
		"extra": "Tap tempo enabled",
		"parameters": [
			[-15, 8, 0, "Delay time multiplier."],
			[0, 8, 8, "Maximum feedback."],
			[0, 1, 0, "Output mode."],
			[-32, 32, -32, "Input pan."]
		]
	}
]
